Job Title,Company Name,Location,Published Date
Amazing Photographer for Great Places to Work Company,Enchanted Fairies,"Westbury, NY",1 hour ago
"Customer Success Manager, Scaled",Asana,"San Francisco, CA",1 hour ago
Typist / Data Entry- Full Time - Work Online ( Remote),Opinion Focus Panel LLC,United States,2 hours ago
Typist Job ( Remote),Opinion Focus Panel LLC,United States,2 hours ago
Architectural Drafter,"Arzuman Brothers, Inc.","Glendale, CA",40 minutes ago
Data Entry Typist - Work From Home,Opinion Focus Panel LLC,United States,2 hours ago
"Customer Success Manager, Scaled",Asana,"Chicago, IL",1 hour ago
Project Manager,G&S Airport Conveyor,"Phoenix, AZ",1 hour ago
Typing Work Work From Home ( Remote),Opinion Focus Panel LLC,United States,2 hours ago
Dog Walker - Landmark,Passionately Pets,"Alexandria, VA",2 hours ago
Typist Work From Home,Opinion Focus Panel LLC,United States,2 hours ago
Virtual Data Entry Clerk- Remote- Beginner Level,Opinion Focus Panel LLC,United States,2 hours ago
Forester (State Forester),USDA,"Bozeman, MT",3 days ago
Tumor Registrar,Office Depot,"Philadelphia, PA",3 weeks ago
Executive Assistant,OEM LOGISTICS LLC,"Scottsdale, AZ",12 minutes ago
store manager,Starbucks,"Sioux Falls, SD",1 hour ago
Typing Job,Opinion Focus Panel LLC,United States,2 hours ago
Medical Assistant,Littleton Regional Healthcare,"Littleton, NH",1 hour ago
Graphic Designer / Presentation Specialist,ADM Creative Group,"Port Washington, NY",1 hour ago
Typist Data Entry- Remote,Opinion Focus Panel LLC,United States,2 hours ago
Vacation Scheduling Assistant - Remote,Lux Travel Inc,United States,1 day ago
Front Desk Agent,Blackberry Farm,"Walland, TN",1 hour ago
Virtual Data Entry Clerk- Entry Level - Remote,Opinion Focus Panel LLC,United States,2 hours ago
Entry Level - Data Entry ( Remote),Opinion Focus Panel LLC,United States,2 hours ago
Remote Work From Home Customer Service- Typing,Opinion Focus Panel LLC,United States,2 hours ago
